row,theta_e_level,p_q_level,p_g_level,lambda_l_level,theta_e,p_q,p_g,lambda_l,calibration_J_p,validation_J_p,calibration_traceability,calibration_critique_effectiveness,calibration_controllability,calibration_robustness,calibration_cognitive_load,calibration_low_reliability_verified_claim_proportion,calibration_unresolved_risk_rate,validation_traceability,validation_critique_effectiveness,validation_controllability,validation_robustness,validation_cognitive_load,validation_low_reliability_verified_claim_proportion,validation_unresolved_risk_rate,validation_rank,validation_margin_to_best,validation_margin_to_second
3,1,3,3,3,0.45,0.92,0.9,0.3,0.5500924194275291,0.5504649590296592,0.7106521485274226,0.9686684156378597,0.8404283189325681,0.6266852290072673,0.7234547068307476,0.15801159184964372,0.01817283950617285,0.7105733116926038,0.9698468783068788,0.8406633066145024,0.6280805671585292,0.7234266245175507,0.15891872127790085,0.019744444444444436,1,0.0,0.005950476806886207
5,2,2,3,1,0.55,0.82,0.9,0.1,0.5460340511035442,0.544514482222773,0.6897162218907888,0.9736195032333904,0.8406107649875753,0.6053046717877101,0.7251105764951226,0.1006807481703224,0.01601851851851852,0.6864151435053577,0.9720481481481482,0.8402441555190242,0.6052486776803336,0.7244328301502903,0.10544641720729604,0.018833333333333327,2,0.005950476806886207,
7,3,1,3,2,0.65,0.62,0.9,0.2,0.5356679936176618,0.5350465261107535,0.665611494458375,0.9800496913580246,0.8406392013293631,0.5602394465967276,0.7145239647094423,0.10297924784424473,0.005592592592592592,0.6629042267618634,0.9810655555555561,0.8402196799128152,0.5589294208125071,0.713108418900973,0.1029122363167444,0.006266666666666667,3,0.015418432918905656,
2,1,2,2,2,0.45,0.82,0.8,0.2,0.5280159997673379,0.5289492666397069,0.7109016647884182,0.9158762345679007,0.7978820226362691,0.6140201072561076,0.7162117499161672,0.15849003390087352,0.0616172839506174,0.7100389355044865,0.9194411111111108,0.7987833066145034,0.6146779802511877,0.716011124457734,0.15811654145958648,0.05913333333333325,4,0.021515692389952323,
4,2,1,2,3,0.55,0.62,0.8,0.3,0.5271373501781946,0.525566162129554,0.690031639080253,0.9409162551440327,0.7980644686912789,0.5745071250382978,0.7075919055318189,0.10106076771749013,0.034117283950617215,0.6873707741453231,0.938047037037038,0.798364155519023,0.5741160866858843,0.7064356325999867,0.10519380569721612,0.039711111111111204,5,0.024898796900105213,
9,3,3,2,1,0.65,0.92,0.8,0.1,0.5067108462931939,0.5061762340624992,0.6646036207096777,0.8763189594356265,0.7980929050330672,0.6068629071319097,0.7411438882981374,0.10287009868268446,0.11219664902998225,0.6620243212487662,0.8766798941798949,0.7983396799128166,0.6071897143820205,0.740602213166181,0.10265555633224108,0.1161079365079367,6,0.044288724967159965,
1,1,1,1,1,0.45,0.62,0.6,0.1,0.47282457521925036,0.4728642881754035,0.711814701651449,0.7616363168724296,0.7153690596733069,0.5854471484814288,0.7000051326821101,0.15848308168312467,0.18935185185185138,0.7110426523196521,0.7620161111111105,0.715676639947836,0.586274315482178,0.6997006864205477,0.15886089602549153,0.19066666666666673,7,0.0776006708542557,
6,2,3,1,2,0.55,0.92,0.6,0.2,0.4528846720057647,0.45256406155386547,0.6895103429804204,0.6833443856554997,0.7155515057283153,0.6185237496394848,0.7326880085540933,0.10135558526481511,0.29976631393298253,0.6860282506020967,0.6853739417989406,0.7152574888523587,0.6184547243132978,0.731856145325107,0.10547650871597536,0.29118888888888755,8,0.09790089747579372,
8,3,2,1,3,0.65,0.82,0.6,0.3,0.4430296088300238,0.44373339764605135,0.6649769308464025,0.6841720017636712,0.7155799420701052,0.5924406266311649,0.7328657713069083,0.10294025245687363,0.2960687830687851,0.6621603098161974,0.6912502380952378,0.715233013246148,0.5921399870700028,0.7320400985140217,0.10242413985410528,0.29686666666666506,9,0.10673156138360784,
